"partition_coefficient","partition_entropy","xb_index"
0.515937177391616,0.979992542273169,0.662344989829871
