"partition_coefficient","partition_entropy","xb_index"
0.704518212654947,0.565742908111173,0.630828539490345
