"statistic","value"
"Moran's I",0.292917566604077
"p-value",4.80333590865602e-22
