"statistic","value"
"Moran's I",0.142348316776655
"p-value",3.37726224622132e-13
