"statistic","value"
"Moran's I",0.133009302892595
"p-value",7.41670352579747e-14
