"partition_coefficient","partition_entropy","xb_index"
0.73357066194892,0.513537853003345,0.452813333212014
