"partition_coefficient","partition_entropy","xb_index"
0.59190878687486,0.782104110437999,0.83162456672734
