"Class","Precision","Recall","F1"
"1",0.926829268292683,0.912,0.919354838709677
"2",0.926605504587156,0.855932203389831,0.889867841409692
"3",0.926253687315634,0.957317073170732,0.941529235382309
