"partition_coefficient","partition_entropy","xb_index"
0.695319771174391,0.543221344757655,0.743024813683765
