"statistic","value"
"Moran's I",0.0687186238649482
"p-value",0.000242496068072197
