"statistic","value"
"Moran's I",0.0884461101429566
"p-value",5.06976097285018e-05
