"statistic","value"
"Moran's I",0.115011887250759
"p-value",3.62089752566362e-08
