"partition_coefficient","partition_entropy","xb_index"
0.685762331115479,0.544856214494536,0.999785382666981
