"Class","Precision","Recall","F1"
"1",0.750623441396509,0.813513513513514,0.780804150453956
"2",0.946564885496183,0.950191570881226,0.948374760994264
"3",0.743682310469314,0.666666666666667,0.703071672354949
